param1,param2,param3,param4,param5,param6,label
0.16140350877193,0.151754385964912,0.0394736842105263,0.043859649122807,0.229824561403509,0.493859649122807,smile
0.126696832579186,0.144796380090498,0.0389140271493212,0.0407239819004525,0.223981900452489,0.545701357466063,smile
0.13781512605042,0.133781512605042,0.0327731092436975,0.0258823529411764,0.173613445378151,0.484564860426929,smile
0.114308943089431,0.0998373983739837,0.0463414634146341,0.0419512195121952,0.200487804878049,0.507154471544715,smile
0.11259842519685,0.0937007874015747,0.0204724409448818,0.0196850393700787,0.176377952755906,0.373228346456693,smile
0.134763948497854,0.121888412017167,0.0412017167381974,0.048068669527897,0.166094420600858,0.531759656652361,smile
0.11958041958042,0.102097902097902,0.0335664335664336,0.0370629370629371,0.211888111888112,0.513286713286713,smile
0.130691642651297,0.206916426512968,0.0917867435158501,0.0894812680115274,0.324063400576369,0.212680115273775,smile
0.140430622009569,0.136363636363636,0.0196172248803827,0.019377990430622,0.217464114832536,0.495454545454545,smile
0.144543429844098,0.164142538975501,0.0910913140311804,0.088195991091314,0.296881959910913,0.424618320610687,smile
0.132456140350877,0.14327485380117,0.0692982456140352,0.0625730994152046,0.260818713450292,0.371637426900585,smile
0.134579439252337,0.137383177570093,0.0196261682242993,0.0327102803738318,0.249532710280374,0.370093457943925,smile
0.15049115913556,0.144793713163065,0.0685658153241651,0.0748526522593321,0.319646365422397,0.330058939096267,smile
0.121301775147929,0.125443786982248,0.0319526627218934,0.0201183431952663,0.333727810650887,0.38698224852071,smile
0.127455919395466,0.113350125944584,0.028463476070529,0.0274559193954659,0.217632241813602,0.396977329974811,smile
0.12784222737819,0.11461716937355,0.0406032482598608,0.0422273781902552,0.17122969837587,0.453828306264501,smile
0.196352583586626,0.2209726443769,0.070516717325228,0.0714285714285714,0.11063829787234,0.491793313069909,smile
0.0745395449620801,0.085807150595883,0.0536294691224269,0.0533044420368365,0.280823401950163,0.43943661971831,smile
0.16551724137931,0.144827586206897,0.0505747126436782,0.0425287356321841,0.293103448275862,0.493103448275862,smile
0.172181551976574,0.163103953147877,0.0382137628111274,0.0368960468521229,0.221522693997072,0.503806734992679,smile
0.0981595092024539,0.0959100204498978,0.0321063394683026,0.0417177914110429,0.203680981595092,0.347034764826176,smile
0.116964285714286,0.130357142857143,0.0419642857142861,0.0437499999999998,0.154464285714286,0.407142857142857,smile
0.157843137254902,0.144117647058824,0.0186274509803922,0.0176470588235292,0.140196078431373,0.395098039215686,smile
0.146534653465347,0.121782178217822,0.0346534653465347,0.0287128712871285,0.131683168316832,0.452475247524753,smile
0.118367346938776,0.135714285714285,0.0346938775510213,0.0326530612244903,0.219387755102041,0.492857142857142,smile
0.0989795918367352,0.112244897959184,0.0428571428571422,0.0479591836734699,0.2,0.427551020408163,smile
0.0917525773195874,0.0969072164948463,0.0278350515463922,0.0226804123711345,0.212371134020618,0.430927835051547,smile
0.127083333333333,0.127083333333333,0.0375,0.0322916666666667,0.234375,0.448958333333334,smile
0.126315789473684,0.118947368421053,0.0378947368421053,0.0284210526315788,0.222105263157895,0.462105263157895,smile
0.114736842105263,0.128421052631579,0.0284210526315788,0.0410526315789471,0.184210526315789,0.415789473684211,smile
0.154255319148936,0.141489361702128,0.030851063829787,0.0340425531914898,0.215957446808511,0.432978723404255,smile
0.141489361702128,0.137234042553192,0.0329787234042554,0.023404255319149,0.172340425531915,0.423404255319148,smile
0.158064516129033,0.129032258064516,0.0387096774193545,0.0344086021505375,0.233333333333334,0.409677419354839,smile
0.179569892473118,0.180645161290323,0.0419354838709677,0.0473118279569892,0.191397849462366,0.467741935483871,smile
0.109677419354839,0.104301075268817,0.0268817204301075,0.0225806451612904,0.193548387096774,0.411827956989247,smile
0.143956043956043,0.134065934065935,0.021978021978022,0.0175824175824178,0.232967032967032,0.474725274725275,smile
0.115384615384615,0.113186813186814,0.0230769230769221,0.0153846153846151,0.248351648351649,0.465934065934066,smile
0.118681318681318,0.125274725274726,0.0395604395604398,0.0285714285714288,0.193406593406594,0.424175824175824,smile
0.152222222222222,0.147777777777778,0.0177777777777779,0.0166666666666667,0.316666666666666,0.407777777777778,smile
0.126666666666667,0.123333333333333,0.0222222222222222,0.0333333333333333,0.211111111111111,0.434444444444445,smile
0.0977777777777777,0.113333333333333,0.0311111111111111,0.0355555555555556,0.21,0.448888888888889,smile
0.127777777777778,0.11,0.0288888888888879,0.0333333333333333,0.256666666666667,0.476666666666666,smile
0.0577777777777777,0.0611111111111111,0.0255555555555557,0.0222222222222222,0.236666666666666,0.382222222222222,smile
0.0977528089887642,0.114606741573034,0.0303370786516853,0.0269662921348315,0.198876404494382,0.446067415730338,smile
0.135955056179776,0.137078651685393,0.0235955056179775,0.0168539325842697,0.203370786516854,0.480898876404494,smile
0.14659090909091,0.145454545454546,0.0488636363636371,0.0409090909090912,0.226136363636363,0.464772727272727,smile
0.126136363636364,0.135227272727272,0.0215909090909101,0.0261363636363644,0.229545454545454,0.456818181818182,smile
0.119318181818182,0.120454545454546,0.0431818181818183,0.0397727272727273,0.201136363636364,0.490909090909091,smile
0.128735632183909,0.132183908045977,0.0379310344827581,0.0448275862068963,0.204597701149426,0.468965517241379,smile
0.126436781609195,0.113793103448277,0.0252873563218396,0.0218390804597712,0.225287356321839,0.458620689655173,smile
0.118390804597701,0.114942528735632,0.0275862068965515,0.0229885057471264,0.237931034482758,0.463218390804598,smile
0.125287356321839,0.116091954022989,0.0229885057471264,0.0264367816091949,0.210344827586208,0.435632183908046,smile
0.116091954022989,0.116091954022987,0.024137931034483,0.0321839080459765,0.200000000000001,0.505747126436782,smile
0.105747126436781,0.109195402298851,0.0310344827586212,0.0321839080459765,0.249425287356322,0.498850574712644,smile
0.145348837209302,0.130232558139535,0.0220930232558143,0.0290697674418605,0.252325581395349,0.434883720930233,smile
0.115853658536585,0.0975609756097561,0.031707317073171,0.0402439024390238,0.264634146341464,0.452439024390244,smile
0.113580246913581,0.117283950617284,0.0283950617283959,0.0382716049382719,0.208641975308642,0.496296296296297,smile
0.144444444444444,0.146913580246914,0.0395061728395062,0.0308641975308642,0.179012345679012,0.45679012345679,smile
0.15875,0.1475,0.0300000000000001,0.0237500000000001,0.215,0.515,smile
0.167088607594937,0.173417721518987,0.0253164556962025,0.0316455696202532,0.211392405063291,0.399999999999999,smile
0.196875,0.2078125,0.03125,0.0296874999999996,0.2921875,0.464062500000001,smile
0.162564102564103,0.167435897435897,0.0310256410256409,0.0176923076923078,0.32025641025641,0.39025641025641,smile
0.1,0.082857142857143,0.0257142857142855,0.0299999999999999,0.227142857142857,0.527142857142857,smile
0.169953051643192,0.164788732394366,0.0516431924882629,0.0488262910798122,0.195774647887324,0.538666666666667,smile
0.100689655172414,0.0889655172413793,0.0441379310344827,0.0427586206896552,0.230344827586207,0.536551724137931,smile
0.130065359477124,0.11437908496732,0.0202614379084968,0.0209150326797386,0.349019607843137,0.354901960784314,smile
0.268141592920354,0.253097345132743,0.0827433628318584,0.0929203539823009,0.235840707964602,0.334955752212389,smile
0.0703030303030304,0.0800000000000001,0.033939393939394,0.0393939393939394,0.241818181818182,0.526060606060606,smile
0.136647727272727,0.0838068181818182,0.00738636363636362,0.0107954545454545,0.207386363636364,0.456944444444444,smile
0.0536231884057971,0.0626811594202899,0.0322463768115941,0.0239130434782608,0.182608695652174,0.452536231884058,smile
0.149799196787148,0.162650602409639,0.0377510040160642,0.0421686746987952,0.188755020080321,0.513654618473895,smile
0.0984732824427481,0.114885496183206,0.0477099236641221,0.0511450381679388,0.227480916030534,0.466412213740458,smile
0.118436578171091,0.121386430678466,0.0455752212389382,0.0617994100294983,0.216961651917404,0.36047197640118,smile
0.0795454545454545,0.102272727272727,0.0534090909090909,0.0545454545454545,0.193181818181818,0.520454545454546,smile
0.135294117647058,0.145098039215686,0.0588235294117647,0.0843137254901963,0.339215686274509,0.363725490196079,smile
0.152916666666667,0.122916666666667,0.0482291666666666,0.0471875,0.213125,0.454375,smile
0.149932523616734,0.139271255060729,0.0214574898785425,0.0251012145748987,0.112280701754386,0.539001349527665,smile
0.106114398422091,0.105522682445759,0.0175542406311637,0.0181459566074952,0.175542406311637,0.420118343195266,smile
0.130263157894737,0.154934210526316,0.0282894736842104,0.0230263157894737,0.220723684210526,0.447039473684211,smile
0.115527950310559,0.133540372670807,0.0652173913043478,0.0633540372670808,0.157142857142857,0.514906832298137,smile
0.121544715447154,0.108943089430894,0.0597560975609756,0.0556910569105691,0.119512195121951,0.50650406504065,smile
0.0914285714285715,0.0897959183673469,0.046530612244898,0.0408163265306122,0.164081632653061,0.439591836734694,smile
0.0897029702970297,0.0801980198019801,0.0663366336633663,0.060990099009901,0.177227722772277,0.572277227722772,smile
0.147269624573379,0.15221843003413,0.0616040955631399,0.0515358361774744,0.181569965870307,0.509726962457338,smile
0.166019417475728,0.157281553398058,0.0766990291262137,0.0757281553398059,0.104854368932039,0.349514563106796,smile
0.156741573033708,0.130337078651685,0.046067415730337,0.0449438202247191,0.207303370786517,0.44438202247191,smile
0.125454545454546,0.131818181818182,0.0490909090909089,0.0390909090909089,0.172272727272727,0.490909090909091,smile
0.15515587529976,0.151318944844125,0.0565947242206236,0.0546762589928058,0.182254196642686,0.457074340527578,smile
0.0968992248062016,0.0953488372093022,0.0542635658914729,0.0480620155038759,0.168217054263566,0.524031007751938,smile
0.16436170212766,0.151063829787234,0.0127659574468084,0.0154255319148936,0.214893617021277,0.523936170212766,smile
0.153424657534246,0.100913242009133,0.0579908675799086,0.0547945205479452,0.162557077625571,0.41689497716895,smile
0.155707762557078,0.138356164383562,0.0401826484018265,0.0406392694063926,0.188584474885845,0.433333333333333,smile
0.031858407079646,0.0495575221238938,0.0362831858407079,0.0353982300884956,0.261946902654867,0.419469026548672,smile
0.0913461538461538,0.0817307692307692,0.0586538461538461,0.0653846153846152,0.238461538461539,0.498076923076923,smile
0.127868852459016,0.124590163934426,0.0836065573770491,0.0754098360655737,0.260655737704918,0.411475409836066,smile
0.141621621621622,0.0724324324324324,0.0281081081081082,0.0254054054054053,0.164864864864865,0.444864864864865,smile
0.0796992481203009,0.0770676691729323,0.0432330827067669,0.0432330827067669,0.290977443609023,0.519172932330827,smile
0.129017857142857,0.1625,0.0477678571428571,0.0415178571428571,0.199553571428572,0.474107142857143,smile
0.122689075630252,0.0722689075630252,0.0260504201680672,0.0260504201680674,0.0857142857142859,0.391596638655462,smile
0.0870588235294117,0.0925490196078432,0.0266666666666667,0.0188235294117645,0.190588235294118,0.532549019607843,smile
0.0586206896551724,0.093793103448276,0.0206896551724138,0.0220689655172417,0.150344827586207,0.486896551724137,smile
0.176734693877551,0.126530612244898,0.0604081632653062,0.0551020408163265,0.13795918367347,0.382040816326531,smile
0.1,0.0993670886075949,0.0341772151898736,0.0348101265822785,0.189240506329114,0.465822784810127,smile
0.159333333333334,0.148666666666667,0.0473333333333327,0.044666666666667,0.202,0.474,smile
0.115602836879433,0.175886524822695,0.0368794326241138,0.0333333333333337,0.19290780141844,0.46241134751773,smile
0.18921568627451,0.16764705882353,0.0470588235294113,0.0401960784313722,0.236274509803922,0.490196078431373,smile
0.16832298136646,0.175527950310559,0.0498136645962733,0.0486956521739131,0.175031055900621,0.42111801242236,smile
0.149390243902439,0.169512195121951,0.0512195121951218,0.0554878048780487,0.197560975609756,0.443292682926829,smile
0.142713567839196,0.134170854271357,0.0547738693467336,0.0532663316582914,0.141708542713568,0.436683417085427,smile
0.168085106382979,0.15,0.0702127659574469,0.0734042553191488,0.171276595744681,0.423404255319149,smile
0.122159090909091,0.10625,0.0482954545454545,0.0482954545454545,0.225,0.459090909090909,smile
0.163203463203463,0.175757575757576,0.0601731601731602,0.0606060606060606,0.145887445887446,0.485714285714286,smile
0.0907172995780591,0.0890295358649789,0.0065400843881857,0.00822784810126589,0.257805907172996,0.417510548523207,smile
0.123574144486692,0.123574144486692,0.064638783269962,0.0558935361216731,0.164828897338403,0.422433460076045,smile
0.120699708454811,0.107871720116618,0.0422740524781341,0.0481049562682216,0.18134110787172,0.424198250728863,smile
0.125956937799043,0.112858851674641,0.0380382775119617,0.0403708133971292,0.204306220095694,0.46866028708134,smile
0.123032069970846,0.142857142857143,0.0594752186588921,0.0647230320699708,0.174927113702624,0.441107871720117,smile
0.102962962962963,0.142407407407407,0.0177777777777778,0.0125925925925927,0.159444444444445,0.471111111111111,smile
0.136895161290323,0.13508064516129,0.0537298387096775,0.0525201612903226,0.286189516129032,0.403225806451613,smile
0.120833333333333,0.123611111111111,0.0576388888888889,0.0520833333333333,0.246527777777778,0.394444444444445,smile
0.0669590643274855,0.0681286549707603,0.0654970760233917,0.0640350877192982,0.164035087719298,0.541812865497076,smile
0.0634615384615384,0.106730769230769,0.00865384615384621,0.00576923076923071,0.248076923076923,0.541346153846154,smile
0.142543859649123,0.15921052631579,0.0236842105263159,0.0206140350877192,0.242105263157895,0.38859649122807,smile
0.12878200155159,0.132583397982932,0.0456167571761055,0.0463925523661753,0.197982932505818,0.479208688906129,smile
0.140559440559441,0.10979020979021,0.0482517482517483,0.0538461538461539,0.182517482517482,0.476923076923077,smile
0.153102625298329,0.142422434367542,0.0426610978520286,0.0380071599045346,0.181324582338902,0.477625298329356,smile
0.0961783439490447,0.0815286624203822,0.0547770700636942,0.0496815286624203,0.0770700636942677,0.468789808917197,smile
0.0732142857142856,0.0607142857142858,0.0366071428571428,0.0455357142857145,0.235714285714286,0.440178571428572,smile
0.144554455445544,0.0762376237623764,0.0386138613861387,0.0277227722772276,0.215841584158416,0.460396039603961,smile
0.136458333333333,0.1109375,0.0239583333333333,0.0354166666666666,0.200520833333333,0.452083333333333,smile
0.0836065573770496,0.136065573770491,0.0147540983606558,0.00655737704918089,0.132786885245901,0.4,smile
0.104716981132076,0.0759433962264149,0.0360849056603773,0.0226415094339623,0.238443396226415,0.338915094339623,smile
0.123958333333333,0.135416666666667,0.0427083333333336,0.046875,0.222916666666666,0.394791666666666,smile
0.0670391061452514,0.0910614525139662,0.0268156424581006,0.0256983240223462,0.292178770949721,0.403351955307263,smile
0.167441860465116,0.181395348837209,0.037984496124031,0.0263565891472868,0.229457364341085,0.469767441860465,smile
0.08,0.0929032258064516,0.0238709677419356,0.0354838709677419,0.31,0.513548387096774,smile
0.150321199143469,0.159957173447538,0.0214132762312634,0.0130620985010707,0.285010706638116,0.404710920770878,smile
0.0931034482758621,0.114137931034483,0.0362068965517241,0.0213793103448275,0.235862068965517,0.408965517241379,smile
0.142910447761194,0.16455223880597,0.0574626865671642,0.0574626865671642,0.294029850746269,0.318656716417911,smile
0.127826086956522,0.145652173913043,0.07,0.0604347826086957,0.249565217391304,0.396521739130435,smile
0.0942028985507246,0.102898550724638,0.0347826086956522,0.0359420289855073,0.254202898550725,0.441449275362319,smile
0.0663865546218488,0.105042016806723,0.0436974789915965,0.0504201680672269,0.191596638655462,0.467226890756303,smile
0.142368421052632,0.130263157894737,0.0384210526315789,0.0307894736842105,0.231578947368421,0.468684210526316,smile
0.0663865546218488,0.105042016806723,0.0436974789915965,0.0504201680672269,0.191596638655462,0.467226890756303,smile
0.142368421052632,0.130263157894737,0.0384210526315789,0.0307894736842105,0.231578947368421,0.468684210526316,smile
0.0589846897663175,0.107332796132151,0.0448831587429492,0.0466559226430298,0.184206285253827,0.407977437550363,smile
0.130673316708229,0.133416458852868,0.0735660847880299,0.0768079800498753,0.146633416458853,0.341645885286783,smile
0.068020304568528,0.0598984771573605,0.0213197969543147,0.0238578680203047,0.287817258883249,0.437055837563452,smile
0.141501976284585,0.137154150197628,0.0363636363636364,0.0347826086956522,0.158102766798419,0.452569169960474,smile
0.152121212121212,0.148484848484848,0.0296969696969697,0.0412121212121212,0.170909090909091,0.482424242424243,smile
0.138235294117647,0.0981617647058823,0.0474264705882353,0.0511029411764706,0.167279411764706,0.442647058823529,smile
0.109333333333334,0.0773333333333335,0.0320000000000001,0.0320000000000001,0.193333333333333,0.414666666666667,smile
0.183673469387755,0.16734693877551,0.0979591836734696,0.0938775510204086,0.181632653061224,0.228571428571428,smile
0.117391304347826,0.0913043478260867,0.045652173913044,0.0478260869565215,0.243478260869565,0.402173913043478,smile
0.0740384615384617,0.0903846153846154,0.0653846153846155,0.0653846153846155,0.156730769230769,0.363461538461539,smile
0.128795811518325,0.136125654450262,0.0481675392670158,0.0544502617801047,0.163350785340314,0.487958115183246,smile
0.103673469387755,0.110204081632653,0.040408163265306,0.0444897959183673,0.0885714285714285,0.477551020408164,smile
0.144,0.128444444444444,0.0231111111111111,0.0195555555555556,0.222666666666667,0.473333333333333,smile
0.147887323943662,0.114553990610329,0.0708920187793427,0.0713615023474179,0.177934272300469,0.400469483568075,smile
0.112972972972973,0.138918918918919,0.0345945945945945,0.0372972972972973,0.196756756756757,0.457837837837838,smile
0.125847457627119,0.120480225988701,0.0504237288135593,0.0377118644067796,0.168079096045198,0.501271186440678,smile
0.117730496453901,0.122695035460993,0.050354609929078,0.0489361702127659,0.15886524822695,0.460283687943262,smile
0.134285714285714,0.138412698412698,0.0774603174603174,0.0806349206349207,0.171746031746032,0.478730158730159,smile
0.129746835443038,0.14493670886076,0.0227848101265822,0.031012658227848,0.274050632911392,0.417088607594937,smile
0.118988902589396,0.101109741060419,0.0533908754623921,0.0494451294697904,0.173982737361282,0.435635018495684,smile
0.130555555555556,0.120555555555555,0.0272222222222223,0.0244444444444445,0.28,0.412222222222222,smile
0.157996146435453,0.121772639691715,0.0687861271676301,0.0541425818882466,0.132369942196532,0.378998073217726,smile
0.0825,0.07875,0.04625,0.0479166666666667,0.201666666666667,0.477777777777778,smile
0.136890243902439,0.0846036585365854,0.0411585365853659,0.0445121951219512,0.171189024390244,0.513262195121951,smile
0.1225,0.12875,0.0425000000000001,0.0450000000000001,0.1975,0.485,smile
0.127102803738318,0.123364485981308,0.0626168224299067,0.0542056074766356,0.220560747663552,0.399065420560748,smile
0.169774011299435,0.175988700564972,0.0505649717514125,0.0522598870056497,0.142937853107345,0.562429378531074,smile
0.124409448818897,0.0940944881889765,0.0177165354330709,0.0228346456692914,0.199606299212599,0.275984251968504,smile
0.141463414634146,0.127642276422764,0.0495934959349595,0.0658536585365855,0.172357723577236,0.258536585365853,smile
0.126751592356688,0.0987261146496815,0.056687898089172,0.0515923566878981,0.117197452229299,0.539490445859872,smile
0.115789473684211,0.13640350877193,0.0315789473684211,0.0350877192982456,0.21140350877193,0.497368421052632,smile
0.0801075268817203,0.085483870967742,0.0456989247311828,0.0505376344086022,0.191935483870968,0.475806451612903,smile
0.153225806451613,0.147177419354839,0.0701612903225808,0.0633064516129032,0.206451612903226,0.424596774193548,smile
0.144,0.1616,0.0415999999999999,0.036,0.1576,0.3776,smile
0.108133971291866,0.0980861244019139,0.0502392344497608,0.0464114832535886,0.16555023923445,0.435406698564593,smile
0.2,0.192356687898089,0.0439490445859871,0.0484076433121019,0.178343949044586,0.463694267515924,smile
0.134331337325349,0.159680638722555,0.0672654690618763,0.074251497005988,0.118363273453094,0.387425149700599,smile
0.142162162162162,0.144864864864865,0.0583783783783784,0.06,0.108108108108108,0.438378378378379,smile
0.103777777777778,0.121111111111111,0.0628888888888889,0.0573333333333334,0.0946666666666667,0.460666666666667,smile
0.0912280701754386,0.129824561403509,0.0578947368421052,0.056140350877193,0.143859649122807,0.457894736842105,smile
0.147772277227723,0.159653465346535,0.0554455445544554,0.0537128712871288,0.29480198019802,0.489108910891089,smile
0.15,0.167410714285714,0.0535714285714288,0.0535714285714286,0.240178571428572,0.385267857142857,smile
0.111504424778761,0.159734513274336,0.0314159292035399,0.0517699115044247,0.282300884955752,0.317256637168141,smile
0.166129032258065,0.171774193548387,0.0995967741935484,0.105241935483871,0.15483870967742,0.4,smile
0.117374517374517,0.118918918918919,0.0772200772200772,0.0841698841698842,0.254826254826255,0.425482625482625,smile
0.1125,0.128125,0.0543750000000001,0.065,0.209375,0.470625,smile
0.131666666666667,0.115833333333333,0.0258333333333334,0.0229166666666667,0.377083333333333,0.432083333333333,smile
0.119767441860465,0.134302325581395,0.0360465116279071,0.0290697674418605,0.247674418604651,0.412790697674419,smile
0.165696465696466,0.161746361746362,0.0207900207900208,0.0234927234927235,0.191891891891892,0.475883575883576,smile
0.109090909090909,0.0875,0.0284090909090909,0.0272727272727273,0.220454545454546,0.354545454545455,smile
0.163239074550129,0.133933161953728,0.0663239074550129,0.0665809768637532,0.213624678663239,0.328020565552699,smile
0.126244343891403,0.10814479638009,0.0520361990950226,0.0542986425339367,0.138461538461538,0.437556561085973,smile
0.0919540229885057,0.0614942528735633,0.0465517241379312,0.0528735632183907,0.0902298850574715,0.363793103448276,smile
0.157851239669421,0.149586776859504,0.0409090909090909,0.0314049586776859,0.228099173553719,0.42603305785124,smile
0.176842105263158,0.169736842105263,0.0565789473684211,0.0542105263157894,0.17578947368421,0.453947368421053,smile
0.1075,0.13,0.095,0.1035,0.2205,0.416,smile
0.158741258741259,0.112587412587413,0.0167832167832168,0.0195804195804195,0.233566433566434,0.374825174825175,smile
0.0529411764705883,0.0521390374331551,0.0387700534759358,0.0318181818181818,0.200534759358289,0.500802139037433,smile
0.101166180758018,0.0463556851311954,0.0495626822157434,0.0355685131195335,0.197959183673469,0.452186588921283,smile
0.0668934240362812,0.119047619047619,0.0385487528344671,0.0471655328798186,0.207482993197279,0.451700680272109,smile
0.146685878962536,0.130547550432277,0.039193083573487,0.0507204610951009,0.223342939481268,0.454755043227666,smile
0.129807692307692,0.137820512820513,0.0221153846153846,0.0269230769230769,0.23525641025641,0.531730769230769,smile
0.124752475247525,0.133663366336634,0.0623762376237623,0.0495049504950495,0.183168316831683,0.366336633663366,smile
0.173333333333333,0.145333333333333,0.0493333333333333,0.0413333333333333,0.206666666666667,0.378666666666666,smile
0.207407407407407,0.246296296296296,0.0685185185185183,0.0796296296296298,0.177777777777778,0.2,smile
0.116822429906542,0.117445482866044,0.0348909657320872,0.0292834890965732,0.209034267912773,0.490654205607477,smile
0.0651006711409397,0.0771812080536913,0.05503355704698,0.0489932885906041,0.192617449664429,0.434228187919463,smile
0.0696428571428571,0.0964285714285714,0.0261904761904762,0.0291666666666669,0.234523809523809,0.584523809523809,smile
0.0950354609929078,0.131914893617021,0.0361702127659574,0.0375886524822696,0.243262411347518,0.479432624113475,smile
0.1046875,0.0968749999999998,0.0367187499999999,0.0460937499999998,0.16484375,0.552343749999999,smile
0.0924000000000001,0.1,0.0152,0.00719999999999993,0.2428,0.4508,smile
0.125179856115108,0.119424460431655,0.039568345323741,0.0482014388489208,0.223021582733813,0.356115107913669,smile
0.114021164021164,0.116137566137566,0.06005291005291,0.0661375661375661,0.185449735449736,0.444444444444444,smile
0.130769230769231,0.124615384615385,0.0538461538461538,0.0538461538461538,0.189230769230769,0.452307692307692,smile
0.0819672131147541,0.127868852459017,0.0426229508196725,0.0426229508196716,0.211475409836066,0.477049180327868,smile
0.103389830508475,0.113559322033898,0.0474576271186443,0.054237288135593,0.144067796610169,0.496610169491525,smile
0.15,0.166071428571428,0.0321428571428573,0.0464285714285713,0.198214285714286,0.5375,smile
0.111320754716981,0.122641509433962,0.0754716981132075,0.0849056603773585,0.209433962264151,0.445283018867925,smile
0.117307692307692,0.123076923076923,0.0423076923076921,0.0346153846153848,0.203846153846154,0.423076923076923,smile
0.150980392156863,0.141176470588235,0.0254901960784316,0.0352941176470588,0.237254901960784,0.376470588235295,smile
0.148979591836735,0.13265306122449,0.0244897959183677,0.0285714285714287,0.259183673469388,0.451020408163263,smile
0.13041788143829,0.0865889212827989,0.0521865889212828,0.0400388726919338,0.198153547133139,0.482215743440233,smile
0.172727272727273,0.161818181818181,0.0290909090909085,0.0272727272727273,0.207272727272727,0.454545454545455,smile
0.103921568627451,0.109803921568627,0.037254901960785,0.0392156862745098,0.223529411764707,0.46078431372549,smile
0.156756756756756,0.148648648648649,0.0351351351351354,0.0351351351351347,0.137837837837838,0.416216216216217,smile
0.114975845410628,0.11207729468599,0.0449275362318838,0.0371980676328502,0.130434782608696,0.46280193236715,smile
0.2,0.175,0.0354166666666666,0.0395833333333333,0.241666666666667,0.3375,smile
0.142857142857143,0.131991951710262,0.0531187122736419,0.0507042253521127,0.183903420523139,0.421730382293763,smile
0.114516129032258,0.129032258064516,0.0459677419354839,0.0419354838709678,0.120967741935484,0.483870967741936,smile
0.0680327868852459,0.113114754098361,0.0262295081967212,0.0319672131147541,0.177049180327869,0.532786885245902,smile
0.108620689655172,0.0974137931034484,0.0474137931034483,0.0353448275862068,0.188793103448276,0.500862068965517,smile
0.0956521739130436,0.0804347826086956,0.0565217391304347,0.0532608695652175,0.191304347826087,0.479347826086956,smile
0.0921875,0.1221875,0.038125,0.0415624999999999,0.186875,0.46,smile
0.0886666666666667,0.131333333333333,0.0326666666666665,0.0293333333333332,0.143333333333333,0.306666666666667,smile
0.105238095238095,0.0914285714285715,0.0228571428571428,0.0138095238095238,0.237142857142857,0.484761904761905,smile
0.121854304635762,0.132450331125828,0.0483443708609272,0.0490066225165563,0.16953642384106,0.445695364238411,smile
0.125769230769231,0.102307692307692,0.0446153846153847,0.0353846153846155,0.190384615384615,0.461538461538462,smile
0.106578947368421,0.105263157894737,0.0355263157894737,0.0361842105263158,0.188815789473684,0.501973684210526,smile
0.123157894736842,0.155789473684211,0.0668421052631578,0.0710526315789474,0.153157894736842,0.433157894736842,smile
0.0969325153374232,0.104907975460123,0.0631901840490797,0.061963190184049,0.190184049079755,0.449693251533742,smile
0.138438438438438,0.127927927927928,0.0789789789789789,0.0867867867867869,0.18948948948949,0.403903903903904,smile
0.138636363636364,0.1375,0.040909090909091,0.0363636363636364,0.186363636363636,0.430681818181818,smile
0.113740458015267,0.0740458015267176,0.0763358778625954,0.0699236641221375,0.199541984732825,0.429007633587786,smile
0.12475442043222,0.137917485265226,0.0371316306483301,0.031237721021611,0.349312377210216,0.393713163064833,smile
0.133720930232558,0.101162790697674,0.0651162790697675,0.0627906976744187,0.161627906976744,0.452325581395349,smile
0.139800995024876,0.155223880597015,0.0567164179104476,0.0552238805970149,0.151243781094528,0.460696517412935,smile
0.110526315789474,0.1,0.0342105263157894,0.0401315789473684,0.126973684210526,0.5,smile
0.12734375,0.09765625,0.04375,0.03671875,0.2,0.3640625,smile
0.108333333333333,0.105208333333333,0.0475694444444444,0.0451388888888889,0.101736111111111,0.520486111111111,smile
0.0987654320987654,0.0845679012345678,0.028395061728395,0.0290123456790123,0.17716049382716,0.403703703703704,smile
0.0857843137254902,0.0808823529411765,0.0485294117647059,0.053921568627451,0.219117647058823,0.495588235294118,smile
0.0819277108433735,0.0911646586345381,0.0220883534136546,0.0285140562248996,0.190361445783132,0.45140562248996,smile
0.126395939086294,0.130964467005076,0.0746192893401015,0.0802030456852791,0.122842639593909,0.322842639593909,smile
0.125,0.126388888888889,0.0201388888888889,0.0388888888888888,0.179166666666667,0.492361111111111,smile
0.112962962962963,0.121296296296296,0.059259259259259,0.0527777777777777,0.17037037037037,0.498148148148148,smile
0.0693251533742332,0.0539877300613496,0.0576687116564418,0.052760736196319,0.0852760736196319,0.290184049079755,smile
0.105769230769231,0.110897435897436,0.0557692307692307,0.0570512820512821,0.258974358974359,0.509615384615385,smile
0.139007092198582,0.146808510638298,0.0475177304964539,0.0439716312056737,0.300709219858156,0.507801418439716,smile
0.0923076923076923,0.113076923076923,0.0292307692307693,0.0223076923076924,0.22,0.510769230769231,smile
0.104166666666667,0.139166666666667,0.0408333333333336,0.0474999999999999,0.1875,0.531666666666667,smile
0.0438095238095235,0.0923809523809523,0.04952380952381,0.0485714285714282,0.210476190476191,0.415238095238095,smile
0.131066460587326,0.125347758887171,0.0624420401854714,0.0601236476043276,0.203245749613601,0.459505409582689,smile
0.0693251533742332,0.0539877300613496,0.0576687116564418,0.052760736196319,0.0852760736196319,0.290184049079755,smile
0.105769230769231,0.110897435897436,0.0557692307692307,0.0570512820512821,0.258974358974359,0.509615384615385,smile
0.139007092198582,0.146808510638298,0.0475177304964539,0.0439716312056737,0.300709219858156,0.507801418439716,smile
0.0923076923076923,0.113076923076923,0.0292307692307693,0.0223076923076924,0.22,0.510769230769231,smile
0.104166666666667,0.139166666666667,0.0408333333333336,0.0474999999999999,0.1875,0.531666666666667,smile
0.0438095238095235,0.0923809523809523,0.04952380952381,0.0485714285714282,0.210476190476191,0.415238095238095,smile
0.131066460587326,0.125347758887171,0.0624420401854714,0.0601236476043276,0.203245749613601,0.459505409582689,smile
0.119591836734694,0.178775510204082,0.043265306122449,0.0379591836734692,0.229795918367347,0.410204081632653,smile
0.0993243243243244,0.0783783783783783,0.0351351351351351,0.0425675675675676,0.210810810810811,0.472972972972973,smile
0.162,0.151,0.0585000000000001,0.058,0.1785,0.4065,smile
0.125925925925926,0.116666666666667,0.0425925925925925,0.0416666666666667,0.275,0.440740740740741,smile
0.123868312757202,0.0967078189300412,0.0668724279835391,0.0662551440329219,0.127160493827161,0.392798353909465,smile
0.078125,0.0812500000000001,0.0619791666666668,0.0619791666666666,0.116666666666667,0.485416666666667,smile
0.117846607669617,0.106784660766962,0.0740412979351032,0.0731563421828908,0.0989675516224188,0.381710914454277,smile
0.111594202898551,0.121739130434783,0.0420289855072465,0.0471014492753624,0.255072463768116,0.376086956521739,smile
0.138297872340426,0.102127659574468,0.0787234042553189,0.074468085106383,0.16595744680851,0.331914893617022,smile
0.100000000000001,0.125,0.0722222222222229,0.0722222222222221,0.144444444444444,0.466666666666665,smile
0.0961318051575932,0.0882521489971345,0.0898280802292263,0.086676217765043,0.0855300859598853,0.407593123209169,smile
0.149659863945578,0.139455782312925,0.0585034013605442,0.0564625850340135,0.215646258503401,0.45578231292517,smile
0.138198198198198,0.145405405405405,0.0691891891891892,0.0767567567567567,0.166126126126126,0.375495495495495,smile
0.0964912280701754,0.105263157894737,0.0456140350877192,0.0456140350877192,0.289473684210526,0.5,smile
0.146808510638298,0.157446808510638,0.0659574468085105,0.074468085106383,0.261702127659575,0.391489361702128,smile
0.115217391304348,0.115217391304348,0.0695652173913044,0.0543478260869565,0.213043478260869,0.471739130434782,smile
0.105067567567568,0.123648648648649,0.0297297297297298,0.0344594594594594,0.29222972972973,0.373310810810811,smile
0.147317073170732,0.164878048780488,0.0946341463414634,0.102439024390244,0.254146341463415,0.347317073170731,smile
0.0980079681274901,0.0589641434262949,0.0494023904382472,0.0617529880478088,0.168924302788845,0.427091633466135,smile
0.133561643835616,0.123972602739726,0.0325342465753425,0.0383561643835616,0.170890410958904,0.410616438356165,smile
0.0990291262135921,0.123300970873787,0.0601941747572817,0.0563106796116503,0.214563106796117,0.460194174757282,smile
0.140350877192982,0.143421052631579,0.0337719298245616,0.0249999999999999,0.221052631578947,0.495614035087719,smile
0.113858695652174,0.148777173913043,0.0399456521739131,0.0441576086956522,0.159510869565217,0.481657608695652,smile
0.141810344827586,0.137931034482759,0.0392241379310346,0.0314655172413794,0.160775862068966,0.418534482758621,smile
0.19609756097561,0.17609756097561,0.0499186991869919,0.0528455284552846,0.257723577235772,0.337235772357724,smile
0.0903448275862069,0.0786206896551725,0.0489655172413793,0.06,0.208275862068965,0.435172413793104,smile
0.128440366972477,0.171559633027523,0.0513761467889908,0.0513761467889908,0.108256880733945,0.450617283950617,smile
0.0681818181818182,0.101010101010101,0.0176767676767677,0.0151515151515152,0.268181818181818,0.423232323232323,smile
0.112745098039216,0.119607843137255,0.0686274509803922,0.0686274509803922,0.114705882352941,0.420588235294118,smile
0.100645161290323,0.111612903225806,0.0219354838709678,0.0187096774193549,0.214838709677419,0.48258064516129,smile
0.119191919191919,0.134848484848485,0.0222222222222223,0.0126262626262626,0.188383838383838,0.455050505050505,smile
0.182882882882882,0.164864864864865,0.0675675675675676,0.0540540540540541,0.154054054054054,0.25045045045045,smile
0.103333333333333,0.109333333333333,0.086,0.088,0.194,0.51,smile
0.120383275261324,0.117653890824623,0.0818234610917537,0.0737514518002322,0.108826945412311,0.409698025551684,smile
0.125773195876289,0.121134020618557,0.0278350515463916,0.0257731958762887,0.218041237113402,0.53659793814433,smile
0.105555555555556,0.0844444444444444,0.0511111111111114,0.0566666666666666,0.161111111111111,0.405056179775281,smile
0.125684931506849,0.113698630136986,0.0486301369863013,0.0482876712328766,0.189383561643836,0.529109589041096,smile
0.130817610062893,0.132389937106918,0.0704402515723272,0.0650943396226415,0.0883647798742137,0.54874213836478,smile
0.11380042462845,0.111889596602972,0.0397027600849257,0.0365180467091295,0.24755838641189,0.425053078556263,smile
0.0554455445544557,0.091089108910891,0.0242574257425741,0.0202970297029704,0.324257425742574,0.392574257425742,smile
0.147794117647059,0.156617647058824,0.0514705882352941,0.0522058823529412,0.231617647058824,0.433088235294118,smile
0.149193548387097,0.159677419354839,0.0588709677419356,0.0620967741935484,0.192741935483871,0.406451612903226,smile
0.153753026634383,0.167070217917676,0.0670702179176755,0.0569007263922518,0.11138014527845,0.442857142857143,smile
0.104115226337448,0.134156378600823,0.034156378600823,0.0279835390946503,0.142798353909465,0.339094650205761,smile
0.105944055944056,0.117832167832168,0.0433566433566434,0.0347902097902097,0.154545454545455,0.235478260869565,smile
0.142,0.151,0.0760000000000001,0.063,0.207,0.419,smile
0.175714285714286,0.165714285714286,0.0414285714285711,0.0357142857142857,0.21,0.34,smile
0.125,0.138333333333334,0.0366666666666674,0.0383333333333335,0.29,0.366666666666667,smile
0.0666666666666666,0.0779874213836478,0.069811320754717,0.0710691823899372,0.0943396226415094,0.49811320754717,smile
0.101,0.13725,0.05125,0.0475,0.21725,0.48625,smile
0.120657276995305,0.135211267605634,0.0619718309859154,0.0629107981220658,0.149295774647887,0.287323943661972,smile
0.144897959183674,0.146938775510204,0.0714285714285714,0.0632653061224489,0.218367346938776,0.304081632653061,smile
0.151063829787234,0.146808510638298,0.0531914893617021,0.0617021276595746,0.236170212765957,0.363829787234042,smile
0.117424242424242,0.136363636363636,0.0742424242424243,0.0704545454545455,0.149242424242424,0.406818181818182,smile
0.0971929824561404,0.0845614035087719,0.0494736842105264,0.0526315789473684,0.13859649122807,0.434736842105263,smile
0.128484848484849,0.157575757575758,0.0454545454545455,0.0442424242424243,0.175151515151515,0.319393939393939,smile
0.115116279069767,0.103488372093023,0.0465116279069767,0.0488372093023256,0.203488372093023,0.527906976744186,smile
0.108510638297872,0.124012158054711,0.088145896656535,0.0924012158054711,0.217933130699088,0.455927051671733,smile
0.108064516129032,0.117338709677419,0.0500000000000001,0.054032258064516,0.263709677419355,0.363709677419355,smile
0.205676855895197,0.176855895196507,0.0637554585152839,0.0572052401746726,0.237117903930131,0.47467248908297,smile
0.056521739130435,0.0942028985507246,0.0685990338164253,0.0758454106280195,0.0937198067632849,0.39951690821256,smile
0.126630434782609,0.110326086956522,0.0494565217391304,0.053804347826087,0.232608695652174,0.477717391304348,smile
0.118421052631579,0.0914473684210527,0.0572368421052631,0.0526315789473684,0.149342105263158,0.459868421052632,smile
0.0950354609929078,0.105673758865248,0.0546099290780143,0.0602836879432624,0.15886524822695,0.53758865248227,smile
0.198412698412698,0.20952380952381,0.0547619047619047,0.0523809523809525,0.140476190476191,0.367460317460317,smile
0.0865921787709497,0.0639664804469273,0.0854748603351956,0.0868715083798883,0.186312849162011,0.510335195530726,smile
0.164601769911505,0.149557522123894,0.0318584070796457,0.0283185840707964,0.175221238938053,0.464601769911504,smile
0.134905660377358,0.137735849056604,0.0245283018867927,0.0235849056603774,0.192452830188679,0.511320754716982,smile
0.0650943396226414,0.0858490566037735,0.0207547169811321,0.0179245283018868,0.186792452830189,0.436792452830189,smile
0.127916666666667,0.123333333333333,0.0245833333333334,0.0220833333333334,0.26625,0.422083333333333,smile
0.0872093023255814,0.111627906976744,0.05,0.0581395348837209,0.2,0.523255813953488,smile
0.114823008849558,0.0898230088495575,0.0201327433628319,0.0323008849557523,0.260176991150442,0.48783185840708,smile
0.116988416988417,0.112741312741313,0.0683397683397683,0.0722007722007722,0.281853281853282,0.441150442477876,smile
0.084848484848485,0.136363636363636,0.0436363636363636,0.0436363636363636,0.172121212121212,0.458787878787879,smile
0.119178082191781,0.0931506849315068,0.045890410958904,0.045890410958904,0.2,0.471917808219178,smile
0.107214428857715,0.118236472945892,0.0509018036072144,0.059318637274549,0.169338677354709,0.48376753507014,smile
0.123741007194245,0.123884892086331,0.0428776978417266,0.043021582733813,0.164604316546763,0.427625899280576,smile
0.109929078014184,0.114184397163121,0.0482269503546098,0.0528368794326242,0.0492907801418439,0.419503546099291,smile
0.0916256157635468,0.0802955665024631,0.0226600985221675,0.0226600985221675,0.179310344827586,0.507389162561576,smile
0.108290155440415,0.105958549222798,0.0155440414507772,0.0212435233160623,0.155699481865285,0.450518134715026,smile
0.107114624505929,0.161660079051383,0.0320158102766798,0.0383399209486167,0.208300395256917,0.430830039525692,smile
0.102356020942408,0.0950261780104711,0.0602094240837696,0.0725130890052357,0.181937172774869,0.408115183246073,smile
0.0934426229508197,0.080327868852459,0.0352459016393442,0.0385245901639344,0.186885245901639,0.470491803278688,smile
0.0561151079136689,0.0741007194244605,0.0838129496402878,0.0899280575539568,0.0517985611510793,0.25431654676259,smile
0.0929824561403508,0.112280701754386,0.0175438596491228,0.0157894736842104,0.233333333333333,0.359649122807018,smile
0.125,0.130357142857143,0.0535714285714286,0.0535714285714286,0.110714285714286,0.401785714285714,smile
0.115686274509804,0.109803921568627,0.0372549019607844,0.0411764705882352,0.2,0.46078431372549,smile
0.142,0.112,0.0460000000000002,0.0440000000000003,0.146,0.44,smile
0.117391304347826,0.145652173913044,0.0608695652173916,0.0543478260869565,0.104347826086956,0.402173913043478,smile
0.150000000000001,0.152173913043478,0.0260869565217389,0.0413043478260877,0.202173913043479,0.426086956521739,smile
0.163768115942029,0.13695652173913,0.0478260869565217,0.0427536231884058,0.231884057971014,0.33695652173913,smile
0.1,0.0942857142857143,0.0482142857142857,0.0485714285714286,0.172142857142857,0.508214285714286,smile
0.145454545454546,0.181060606060606,0.0674242424242425,0.062878787878788,0.166666666666667,0.274242424242424,smile
0.135384615384615,0.172307692307692,0.0476923076923076,0.043076923076923,0.202307692307692,0.459230769230769,smile
0.194186046511628,0.179069767441861,0.0209302325581397,0.0151162790697674,0.304651162790698,0.380232558139535,smile
0.122857142857143,0.165714285714286,0.0442857142857144,0.05,0.295714285714286,0.377142857142857,smile
0.154838709677419,0.161290322580645,0.0532258064516129,0.0435483870967742,0.254838709677419,0.351612903225807,smile
0.0977777777777779,0.0977777777777779,0.042222222222222,0.0244444444444446,0.2,0.473333333333334,smile
0.127719298245614,0.131111111111111,0.0745029239766082,0.0676023391812865,0.139298245614035,0.364093567251462,smile
0.105436893203884,0.111650485436893,0.021747572815534,0.0289320388349514,0.254757281553398,0.36504854368932,smile
0.0775000000000001,0.145,0.0445,0.0470000000000002,0.174,0.391,smile
0.103061224489796,0.140816326530612,0.0275510204081631,0.0336734693877551,0.170408163265306,0.518367346938776,smile
0.143977272727273,0.1325,0.0372727272727273,0.0363636363636364,0.221477272727273,0.513641364136414,smile
0.122613065326633,0.117587939698492,0.0472361809045226,0.0507537688442212,0.17286432160804,0.451758793969849,smile
0.0744769874476988,0.0656903765690377,0.0263598326359833,0.0251046025104603,0.230543933054393,0.575732217573222,smile
0.14639175257732,0.148453608247423,0.0422680412371133,0.0391752577319587,0.161855670103093,0.484536082474227,smile
0.108870967741935,0.116129032258065,0.0443548387096774,0.0443548387096774,0.155645161290322,0.507258064516129,smile
0.0841269841269843,0.0666666666666665,0.0380952380952377,0.0317460317460317,0.182539682539683,0.469841269841268,smile
0.154098360655737,0.149180327868853,0.0360655737704925,0.0327868852459016,0.363934426229508,0.459016393442623,smile
0.108333333333333,0.115,0.0483333333333339,0.0550000000000002,0.313333333333334,0.42,smile
0.13728813559322,0.150847457627119,0.0254237288135593,0.0254237288135593,0.332203389830508,0.53050847457627,smile
0.169491525423729,0.145762711864407,0.0288135593220337,0.0237288135593216,0.291525423728814,0.427118644067796,smile
0.0655172413793105,0.0551724137931033,0.0465517241379313,0.0431034482758621,0.16551724137931,0.494827586206896,smile
0.115789473684211,0.0964912280701754,0.0508771929824557,0.0421052631578953,0.378947368421052,0.371929824561404,smile
0.129824561403509,0.0982456140350876,0.0228070175438598,0.0245614035087715,0.298245614035088,0.475438596491228,smile
0.14,0.129090909090909,0.041818181818182,0.0436363636363637,0.225454545454545,0.46,smile
0.108130081300813,0.128048780487805,0.0443089430894309,0.033739837398374,0.200406504065041,0.374390243902439,smile
0.0666666666666667,0.108888888888889,0.0511111111111107,0.0488888888888893,0.0888888888888889,0.388888888888889,smile
0.159523809523809,0.128571428571428,0.0619047619047624,0.0642857142857154,0.152380952380952,0.495238095238094,smile
0.136842105263158,0.163157894736842,0.0552631578947367,0.0657894736842105,0.157894736842105,0.323684210526318,smile
0.075586854460094,0.0755868544600939,0.0427230046948357,0.0338028169014085,0.178403755868545,0.378403755868545,smile
0.157619047619048,0.144285714285714,0.0523809523809524,0.0442857142857143,0.130476190476191,0.440952380952381,smile
0.151127819548872,0.141353383458647,0.0428571428571429,0.0481203007518797,0.12406015037594,0.480451127819549,smile
0.0912408759124089,0.0726277372262773,0.0536496350364965,0.041970802919708,0.131021897810219,0.41970802919708,smile
0.1376,0.1224,0.0344000000000001,0.0288,0.236,0.4064,smile
0.132142857142857,0.100892857142857,0.0633928571428572,0.05625,0.119642857142857,0.448214285714286,smile
0.141610738255034,0.109395973154362,0.032214765100671,0.0181208053691274,0.14496644295302,0.451677852348993,smile
0.130222222222222,0.0604444444444444,0.0408888888888888,0.0320000000000001,0.175111111111111,0.416,smile
0.0918660287081339,0.100478468899522,0.0339712918660288,0.0330143540669855,0.198564593301436,0.476555023923445,smile
0.0653846153846155,0.066826923076923,0.0451923076923076,0.0375000000000001,0.265865384615385,0.402403846153846,smile
0.096842105263158,0.0859649122807018,0.0599999999999999,0.0642105263157895,0.118947368421053,0.413684210526315,smile
0.123636363636364,0.104848484848485,0.0666666666666667,0.0690909090909091,0.135151515151515,0.404848484848485,smile
0.0897142857142856,0.0897142857142857,0.0508571428571429,0.0628571428571429,0.205142857142857,0.247428571428571,angry
0.0563106796116505,0.0398058252427185,0.0398058252427185,0.0436893203883495,0.145631067961165,0.366990291262136,angry
0.0764285714285714,0.0707142857142858,0.0571428571428571,0.055,0.281428571428571,0.322142857142857,angry
0.149152542372881,0.140254237288136,0.0563559322033899,0.0610169491525424,0.154237288135593,0.306779661016949,angry
0.107936507936508,0.0698412698412699,0.0793650793650794,0.0634920634920635,0.161904761904762,0.276190476190476,angry
0.0554794520547945,0.0664383561643835,0.0602739726027396,0.0561643835616438,0.128082191780822,0.31986301369863,angry
0.09375,0.102777777777778,0.0451388888888889,0.0340277777777778,0.298611111111111,0.363194444444444,angry
0.0125603864734299,0.0801932367149758,0.0526570048309179,0.0458937198067633,0.108212560386473,0.308212560386473,angry
0.110566037735849,0.0660377358490566,0.0184905660377359,0.0267924528301887,0.172075471698113,0.311698113207547,angry
0.0669491525423729,0.0796610169491525,0.0483050847457627,0.0533898305084746,0.222033898305085,0.326271186440678,angry
0.093305439330544,0.0778242677824268,0.0665271966527197,0.0728033472803346,0.107949790794979,0.305857740585774,angry
0.1032,0.0976,0.0568000000000001,0.0504,0.14,0.38,angry
0.0502262443438913,0.0285067873303165,0.0470588235294118,0.0499245852187031,0.157767722473605,0.376621417797889,angry
0.115343915343915,0.110582010582011,0.0576719576719577,0.065079365079365,0.186243386243386,0.46031746031746,angry
0.124074074074074,0.12962962962963,0.025925925925926,0.025925925925926,0.212962962962963,0.4,angry
0.142553191489362,0.161702127659574,0.0361702127659575,0.0319148936170211,0.229787234042553,0.476595744680851,angry
0.0909090909090909,0.113636363636364,0.0454545454545455,0.043181818181818,0.19090909090909,0.570454545454546,angry
0.0937142857142858,0.0973333333333334,0.0836190476190477,0.0742857142857143,0.0883809523809523,0.322095238095238,angry
0.0977272727272727,0.135227272727273,0.0670454545454546,0.0704545454545455,0.163636363636363,0.267045454545454,angry
0.136734693877551,0.13469387755102,0.0632653061224489,0.0653061224489799,0.167346938775511,0.261224489795917,angry
0.16875,0.179166666666667,0.0520833333333333,0.0479166666666669,0.28125,0.352083333333333,angry
0.0703910614525141,0.0905027932960893,0.0391061452513966,0.0335195530726257,0.274301675977654,0.404469273743017,angry
0.111764705882353,0.116666666666667,0.0333333333333334,0.0313725490196077,0.0931372549019608,0.391176470588235,angry
0.179166666666667,0.180208333333333,0.0895833333333334,0.0927083333333334,0.233333333333333,0.417708333333334,angry
0.0982758620689653,0.0913793103448273,0.0586206896551725,0.0741379310344825,0.184482758620689,0.348275862068966,angry
0.112244897959184,0.0999999999999995,0.0693877551020404,0.0959183673469374,0.181632653061224,0.251020408163266,angry
0.0432432432432439,0.0459459459459441,0.0675675675675676,0.0540540540540541,0.110810810810808,0.354054054054055,angry
0.14537037037037,0.125,0.0361111111111111,0.0407407407407409,0.17037037037037,0.322222222222222,angry
0.106,0.0859999999999999,0.0640000000000001,0.0620000000000002,0.156,0.307,angry
0.0584615384615384,0.0549999999999999,0.0465384615384615,0.0507692307692307,0.101153846153846,0.298461538461539,angry
0.095852534562212,0.0912442396313365,0.0741935483870967,0.0815668202764976,0.141935483870968,0.361290322580645,angry
0.113432835820896,0.105223880597015,0.0552238805970148,0.0544776119402986,0.191791044776119,0.383582089552239,angry
0.0649572649572649,0.0478632478632481,0.023076923076923,0.0196581196581195,0.0623931623931625,0.522222222222221,angry
0.165350877192982,0.16578947368421,0.056140350877193,0.0657894736842105,0.153947368421052,0.323076923076923,angry
0.134905660377359,0.143867924528302,0.0665094339622643,0.055188679245283,0.165566037735849,0.367924528301887,angry
0.111538461538461,0.107142857142857,0.0890109890109889,0.0807692307692309,0.0807692307692307,0.384065934065934,angry
0.15,0.153703703703704,0.0648148148148151,0.0592592592592593,0.0962962962962961,0.403703703703703,angry
0.133980582524272,0.131391585760518,0.048220064724919,0.0553398058252428,0.112297734627832,0.449190938511327,angry
0.12043795620438,0.116788321167883,0.0562043795620441,0.0569343065693431,0.154744525547446,0.348175182481752,angry
0.113636363636364,0.148484848484849,0.0454545454545455,0.05,0.157575757575758,0.351515151515152,angry
0.0626506024096384,0.0493975903614457,0.0451807228915663,0.0548192771084337,0.109036144578313,0.36987951807229,angry
0.0610389610389611,0.0597402597402597,0.0753246753246753,0.0766233766233767,0.123376623376623,0.32987012987013,angry
0.1208,0.1272,0.0623999999999999,0.0575999999999999,0.1672,0.4968,angry
0.132941176470588,0.152941176470588,0.0623529411764704,0.0470588235294118,0.196470588235294,0.504705882352941,angry
0.167469879518072,0.136144578313253,0.0542168674698795,0.0385542168674697,0.178313253012048,0.402409638554217,angry
0.129032258064516,0.143548387096774,0.0612903225806451,0.0580645161290322,0.182258064516129,0.545161290322581,angry
0.112631578947368,0.131052631578947,0.051578947368421,0.0610526315789475,0.194210526315789,0.402631578947368,angry
0.126582278481013,0.111392405063291,0.0531645569620254,0.0518987341772151,0.144303797468354,0.441772151898734,angry
0.100985221674877,0.101724137931035,0.0391625615763546,0.0307881773399015,0.241625615763547,0.403694581280788,angry
0.157421875,0.16015625,0.074609375,0.07890625,0.2203125,0.25703125,angry
0.0662921348314607,0.0568218298555377,0.0707865168539325,0.0669341894060995,0.117335473515249,0.362439807383628,angry
0.11969696969697,0.0924242424242423,0.0484848484848487,0.0469696969696973,0.128787878787879,0.331818181818183,angry
0.10625,0.1125,0.0531250000000001,0.0562499999999999,0.134375,0.339062500000001,angry
0.188888888888889,0.175555555555556,0.0488888888888893,0.0488888888888886,0.122222222222222,0.35111111111111,angry
0.116666666666667,0.114285714285713,0.0500000000000005,0.0523809523809521,0.202380952380952,0.383333333333331,angry
0.141025641025641,0.146153846153847,0.0589743589743578,0.0589743589743578,0.271794871794872,0.42051282051282,angry
0.122885032537961,0.12114967462039,0.0737527114967463,0.0751626898047723,0.17114967462039,0.266052060737527,angry
0.132738095238095,0.121428571428571,0.0357142857142857,0.0404761904761905,0.195238095238095,0.436904761904762,angry
0.182244897959184,0.19530612244898,0.0604081632653062,0.0687755102040816,0.179183673469388,0.45,angry
0.11875,0.14375,0.0449999999999999,0.04375,0.225,0.52125,angry
0.102564102564103,0.117948717948718,0.0474358974358973,0.0525641025641025,0.0961538461538462,0.412820512820513,angry
0.110144927536231,0.143478260869566,0.0521739130434778,0.0579710144927536,0.134782608695652,0.382608695652175,angry
0.124489795918367,0.13265306122449,0.0510204081632653,0.0428571428571422,0.185714285714285,0.277551020408163,angry
0.0671641791044776,0.0671641791044776,0.0597014925373134,0.0552238805970148,0.195522388059702,0.25820895522388,angry
0.133333333333333,0.118333333333333,0.0300000000000002,0.036666666666667,0.181666666666666,0.265000000000002,angry
0.17037037037037,0.164814814814814,0.066666666666666,0.0796296296296298,0.138888888888889,0.307407407407406,angry
0.138983050847458,0.140677966101695,0.0774011299435028,0.075141242937853,0.105649717514124,0.446327683615819,angry
0.141269841269841,0.0952380952380952,0.0571428571428571,0.0587301587301588,0.201587301587302,0.328571428571429,angry
0.0533596837944664,0.074703557312253,0.0486166007905138,0.0517786561264822,0.102371541501976,0.292490118577075,angry
0.122167487684729,0.127093596059113,0.0665024630541872,0.0571428571428573,0.223645320197044,0.277339901477833,angry
0.08643216080402,0.0919597989949749,0.0582914572864323,0.049246231155779,0.164321608040201,0.306532663316583,angry
0.172784810126582,0.159493670886076,0.0651898734177212,0.0746835443037972,0.189873417721519,0.181645569620253,angry
0.0901408450704222,0.104225352112676,0.0746478873239434,0.0788732394366196,0.191549295774648,0.446478873239437,angry
0.138983050847458,0.140677966101695,0.0774011299435028,0.075141242937853,0.105649717514124,0.446327683615819,angry
0.141269841269841,0.0952380952380952,0.0571428571428571,0.0587301587301588,0.201587301587302,0.328571428571429,angry
0.0533596837944664,0.074703557312253,0.0486166007905138,0.0517786561264822,0.102371541501976,0.292490118577075,angry
0.122167487684729,0.127093596059113,0.0665024630541872,0.0571428571428573,0.223645320197044,0.277339901477833,angry
0.08643216080402,0.0919597989949749,0.0582914572864323,0.049246231155779,0.164321608040201,0.306532663316583,angry
0.172784810126582,0.159493670886076,0.0651898734177212,0.0746835443037972,0.189873417721519,0.181645569620253,angry
0.136956521739129,0.154347826086957,0.0326086956521739,0.0304347826086952,0.156521739130436,0.269565217391304,angry
0.147297297297297,0.163513513513513,0.0837837837837838,0.0797297297297298,0.122972972972973,0.436486486486487,angry
0.0759036144578312,0.0610441767068273,0.0385542168674699,0.0465863453815261,0.114457831325301,0.353815261044177,angry
0.0662337662337663,0.0727272727272727,0.0584415584415584,0.0662337662337663,0.137012987012987,0.459090909090909,angry
0.136764705882353,0.147058823529412,0.0632352941176472,0.0529411764705882,0.132352941176471,0.304411764705883,angry
0.137234042553192,0.174468085106383,0.0840425531914894,0.0872340425531915,0.202127659574468,0.211702127659574,angry
0.0680555555555556,0.0611111111111112,0.101388888888889,0.0888888888888888,0.0944444444444444,0.352777777777778,angry
0.121875,0.13125,0.04375,0.04375,0.1546875,0.434375,angry
0.0518072289156628,0.072289156626506,0.057831325301205,0.057831325301205,0.0734939759036147,0.349397590361446,angry
0.0541379310344827,0.0579310344827587,0.0848275862068965,0.0834482758620689,0.196206896551724,0.371034482758621,angry
0.0271186440677965,0.0771186440677966,0.0423728813559322,0.0525423728813558,0.0957627118644066,0.264406779661017,angry
0.0853658536585366,0.0829268292682925,0.0585365853658535,0.0585365853658535,0.126829268292683,0.302439024390244,angry
0.156603773584905,0.143396226415095,0.0528301886792455,0.0528301886792455,0.120754716981132,0.418867924528301,angry
0.146478873239437,0.145070422535211,0.0436619718309862,0.0422535211267606,0.214084507042254,0.487323943661972,angry
0.0897058823529411,0.0985294117647057,0.0411764705882355,0.0455882352941176,0.161764705882353,0.425,angry
0.087719298245614,0.128070175438597,0.0508771929824562,0.0596491228070176,0.184210526315789,0.454385964912281,angry
0.121739130434782,0.119565217391304,0.0434782608695652,0.0434782608695652,0.145652173913043,0.284782608695652,angry
0.106818181818182,0.129545454545455,0.093181818181818,0.0749999999999999,0.104545454545454,0.343181818181818,angry
0.130769230769231,0.132167832167832,0.0426573426573428,0.0447552447552446,0.167832167832168,0.466433566433567,angry
0.114285714285714,0.122448979591837,0.0387755102040815,0.0408163265306122,0.116326530612245,0.353061224489797,angry
0.0886363636363638,0.10530303030303,0.0727272727272729,0.0727272727272727,0.112878787878788,0.331818181818182,angry
0.113559322033898,0.105084745762712,0.0711864406779661,0.0677966101694915,0.076271186440678,0.401694915254237,angry
0.151111111111111,0.133333333333333,0.0600000000000001,0.0555555555555556,0.14,0.344444444444444,angry
0.12,0.105,0.05,0.0474999999999998,0.0875,0.444999999999999,angry
0.0891891891891891,0.0783783783783785,0.0432432432432435,0.0486486486486486,0.108108108108108,0.418918918918919,angry
0.130555555555555,0.127777777777778,0.0972222222222222,0.0944444444444446,0.15,0.33611111111111,angry
0.126984126984127,0.123809523809524,0.0587301587301588,0.061904761904762,0.142857142857143,0.379365079365079,angry
0.153333333333334,0.153333333333333,0.0400000000000001,0.0449999999999998,0.141666666666667,0.433333333333333,angry
0.126923076923077,0.138461538461539,0.0634615384615387,0.0596153846153851,0.165384615384615,0.528846153846154,angry
0.0746218487394958,0.0652100840336134,0.0526050420168067,0.0452100840336134,0.202689075630252,0.382016806722689,angry
0.097037037037037,0.0733333333333332,0.028148148148148,0.028148148148148,0.114074074074074,0.35037037037037,angry
0.142796610169491,0.159745762711864,0.0720338983050847,0.0635593220338983,0.123728813559322,0.348728813559322,angry
0.0846153846153846,0.0759615384615384,0.0576923076923077,0.0586538461538461,0.0874999999999999,0.269230769230769,angry
0.0733188720173535,0.0863340563991323,0.0642082429501083,0.0553145336225597,0.117787418655098,0.289154013015185,angry
0.153879310344828,0.163362068965517,0.0543103448275862,0.0560344827586207,0.130603448275862,0.366379310344828,angry
0.0449999999999999,0.0787500000000001,0.08125,0.0762500000000003,0.0900000000000002,0.28875,angry
0.101648351648352,0.110989010989011,0.0313186813186813,0.0324175824175824,0.156593406593407,0.366483516483516,angry
0.0908450704225353,0.0563380281690141,0.05,0.0485915492957747,0.073943661971831,0.333098591549296,angry
0.132954545454546,0.1,0.0477272727272726,0.0375000000000001,0.207954545454546,0.365909090909091,angry
0.12816091954023,0.124712643678161,0.0695402298850574,0.0747126436781609,0.154022988505747,0.335632183908046,angry
0.136567164179105,0.135820895522388,0.063681592039801,0.0569651741293532,0.191044776119403,0.398507462686567,angry
0.03953488372093,0.0662790697674421,0.0523255813953488,0.0488372093023258,0.156976744186047,0.359302325581395,angry
0.0962962962962963,0.0624338624338624,0.0823633156966491,0.0703703703703704,0.25026455026455,0.359527559055118,angry
0.134920634920635,0.133333333333333,0.076984126984127,0.0674603174603175,0.116666666666667,0.378571428571429,angry
0.110828025477707,0.112738853503185,0.0802547770700637,0.080891719745223,0.105095541401274,0.387261146496815,angry
0.1185,0.1195,0.0585000000000002,0.0659999999999999,0.121,0.3605,angry
0.13936170212766,0.141489361702128,0.0760638297872341,0.0867021276595745,0.110106382978723,0.396808510638298,angry
0.0674418604651162,0.0697674418604651,0.0503875968992248,0.0534883720930235,0.19922480620155,0.296899224806201,angry
0.10875,0.12375,0.0300000000000001,0.0412500000000001,0.2425,0.39625,angry
0.0800000000000001,0.0909090909090909,0.0581818181818185,0.0472727272727272,0.238181818181818,0.390909090909091,angry
0.1325,0.0824999999999999,0.0475000000000001,0.0425000000000001,0.165,0.455,angry
0.118918918918919,0.145945945945946,0.0675675675675679,0.0702702702702701,0.113513513513513,0.305405405405406,angry
0.166666666666667,0.154545454545455,0.0575757575757575,0.053030303030303,0.190909090909091,0.45530303030303,angry
0.19047619047619,0.192517006802721,0.0904761904761906,0.0884353741496599,0.0551020408163267,0.271428571428571,angry
0.0704225352112676,0.0830985915492959,0.105633802816901,0.101408450704225,0.104225352112676,0.414084507042254,angry
0.108139534883721,0.0965116279069767,0.0476744186046511,0.0406976744186047,0.206976744186047,0.483720930232558,angry
0.115819209039548,0.140395480225989,0.0903954802259887,0.0864406779661018,0.106214689265537,0.355649717514124,angry
0.126,0.130666666666667,0.026,0.0266666666666667,0.248666666666667,0.348,angry
0.0853658536585366,0.0646341463414634,0.0445121951219511,0.0518292682926829,0.125609756097561,0.366463414634147,angry
0.111976047904192,0.126946107784431,0.0820359281437125,0.0718562874251497,0.121556886227545,0.459281437125749,angry
0.121985815602837,0.136879432624113,0.0695035460992908,0.0673758865248227,0.129787234042553,0.311347517730497,angry
0.148192771084337,0.158433734939759,0.0590361445783133,0.0590361445783132,0.16566265060241,0.518674698795181,angry
0.127388535031847,0.142675159235669,0.0751592356687899,0.0681528662420381,0.101910828025478,0.331210191082803,angry
0.134146341463415,0.130081300813008,0.0804878048780488,0.0772357723577236,0.149593495934959,0.482926829268293,angry
0.127737226277372,0.132116788321168,0.0547445255474453,0.0532846715328468,0.162773722627737,0.307299270072993,angry
0.0951219512195121,0.101626016260163,0.0593495934959348,0.0585365853658536,0.147154471544715,0.357723577235772,angry
0.0166666666666668,0.00128205128205121,0.0333333333333333,0.0435897435897437,0.139743589743589,0.375641025641025,angry
0.065116279069767,0.0604651162790696,0.0581395348837209,0.0558139534883722,0.223255813953488,0.43953488372093,angry
0.107692307692308,0.0897435897435897,0.107692307692307,0.0897435897435897,0.161538461538461,0.348717948717949,angry
0.107920792079208,0.142574257425743,0.0623762376237625,0.0683168316831684,0.114851485148515,0.273267326732674,angry
0.103930131004367,0.113100436681223,0.0475982532751092,0.0493449781659389,0.12882096069869,0.475545851528384,angry
0.172727272727273,0.164545454545454,0.0618181818181818,0.0545454545454544,0.0936363636363637,0.363636363636364,angry
0.103529411764706,0.105647058823529,0.0552941176470588,0.0571764705882353,0.129647058823529,0.359529411764706,angry
0.152914798206278,0.199551569506726,0.0502242152466367,0.0506726457399101,0.176681614349776,0.266367713004485,angry
0.1,0.101515151515152,0.0454545454545455,0.0454545454545455,0.187878787878788,0.356060606060606,angry
0.116666666666667,0.140277777777778,0.0333333333333333,0.0465277777777777,0.165972222222222,0.438888888888889,angry
0.0955056179775281,0.0808988764044943,0.0696629213483146,0.0595505617977528,0.0921348314606743,0.384269662921348,angry
0.0518750000000001,0.0324999999999999,0.030625,0.0300000000000001,0.115625,0.445625,angry
0.1308,0.1076,0.0428,0.048,0.2032,0.4128,angry
0.0764331210191083,0.0726114649681531,0.0707006369426753,0.0617834394904458,0.225477707006369,0.295541401273885,angry
0.121036585365854,0.0908536585365854,0.0765243902439023,0.0664634146341464,0.129268292682927,0.303353658536586,angry
0.102425876010782,0.112938005390836,0.0587601078167115,0.0617250673854448,0.0902964959568735,0.390566037735849,angry
0.125396825396825,0.134920634920635,0.0349206349206356,0.0333333333333337,0.13968253968254,0.39047619047619,angry
0.125396825396825,0.134920634920635,0.0349206349206356,0.0333333333333337,0.13968253968254,0.39047619047619,angry
0.109375,0.125,0.0734375,0.0723958333333334,0.0979166666666667,0.440625,angry
0.0619047619047618,0.0666666666666666,0.0785714285714288,0.0809523809523811,0.192857142857143,0.44047619047619,angry
0.120055710306406,0.107242339832869,0.0891364902506964,0.0740947075208914,0.090807799442897,0.426183844011142,angry
0.0608695652173913,0.0808695652173914,0.0417391304347827,0.0582608695652175,0.159130434782609,0.387826086956521,angry
0.0761467889908258,0.0871559633027523,0.0486238532110093,0.046788990825688,0.211926605504587,0.6,angry
0.146153846153846,0.141346153846154,0.0730769230769233,0.0682692307692307,0.110576923076923,0.345192307692308,angry
0.104761904761905,0.0976190476190475,0.0428571428571424,0.0357142857142857,0.140476190476191,0.345238095238095,angry
0.1,0.143750000000001,0.0750000000000005,0.0791666666666669,0.166666666666667,0.3125,angry
0.116949152542373,0.101694915254237,0.0559322033898305,0.0576271186440679,0.279661016949153,0.293220338983051,angry
0.118867924528302,0.120754716981132,0.0245283018867924,0.0226415094339621,0.330188679245283,0.422641509433962,angry
0.140740740740741,0.103703703703704,0.0740740740740741,0.0685185185185183,0.203703703703704,0.425925925925926,angry
0.1575,0.1525,0.0399999999999999,0.0300000000000001,0.2275,0.405000000000001,angry
0.108333333333333,0.106862745098039,0.0534313725490196,0.0602941176470587,0.118137254901961,0.436274509803922,angry
0.125,0.140340909090909,0.0838068181818182,0.0755681818181819,0.150568181818182,0.298295454545455,angry
0.0756218905472636,0.0930348258706468,0.0621890547263682,0.0502487562189055,0.211442786069652,0.381592039800995,angry
0.1,0.0852173913043479,0.0686956521739131,0.0617391304347826,0.0565217391304348,0.327826086956522,angry
0.142424242424242,0.139393939393939,0.0915151515151515,0.0945454545454547,0.0933333333333332,0.369090909090909,angry
0.0982142857142857,0.128214285714286,0.0553571428571429,0.0496428571428571,0.189642857142857,0.439642857142857,angry
0.105882352941177,0.107843137254902,0.080392156862745,0.0784313725490196,0.13921568627451,0.445098039215686,angry
0.138461538461539,0.123076923076923,0.0666666666666665,0.0589743589743593,0.171794871794871,0.466666666666666,angry
0.0913333333333333,0.0893333333333334,0.054,0.0493333333333334,0.140666666666667,0.363333333333333,angry
0.15531914893617,0.175531914893617,0.0797872340425532,0.0877659574468086,0.096808510638298,0.424183006535948,angry
0.128571428571429,0.116071428571429,0.0767857142857144,0.0732142857142857,0.110714285714286,0.496428571428572,angry
0.163793103448276,0.144827586206897,0.071551724137931,0.071551724137931,0.147413793103448,0.319827586206897,angry
0.0608247422680413,0.0752577319587629,0.0731958762886599,0.0711340206185566,0.0979381443298969,0.441237113402062,angry
0.133613445378151,0.148739495798319,0.0546218487394957,0.0563025210084035,0.171428571428571,0.485714285714286,angry
0.130927835051546,0.131958762886598,0.0639175257731959,0.052577319587629,0.148453608247422,0.507216494845361,angry
0.118032786885246,0.104918032786885,0.0639344262295083,0.0573770491803279,0.170491803278689,0.504918032786885,angry
0.09375,0.121022727272727,0.0323863636363637,0.0392045454545455,0.104545454545455,0.369886363636364,angry
0.105714285714286,0.112857142857143,0.0700000000000001,0.0700000000000001,0.16,0.56,angry
0.114423076923077,0.0932692307692308,0.0249999999999999,0.021153846153846,0.216346153846154,0.498076923076923,angry
0.117977528089888,0.164044943820225,0.0595505617977528,0.062921348314607,0.149438202247191,0.413483146067416,angry
0.0790697674418606,0.0488372093023254,0.0325581395348839,0.0325581395348837,0.106976744186047,0.469767441860465,angry
0.129268292682927,0.134146341463415,0.0219512195121951,0.0170731707317072,0.134146341463415,0.419512195121951,angry
0.143046357615894,0.149006622516556,0.0562913907284768,0.0483443708609272,0.196688741721854,0.471523178807947,angry
0.112860892388451,0.123622047244095,0.0601049868766404,0.0643044619422572,0.0934383202099738,0.338845144356955,angry
0.125641025641025,0.144871794871795,0.0576923076923077,0.0538461538461541,0.176923076923077,0.344871794871795,angry
0.0912280701754389,0.0894736842105262,0.0456140350877192,0.0403508771929822,0.14561403508772,0.435087719298246,angry
0.107272727272728,0.143636363636363,0.0563636363636357,0.0563636363636368,0.236363636363636,0.496363636363637,angry
0.166666666666667,0.164705882352941,0.0450980392156859,0.0450980392156865,0.156862745098039,0.513725490196078,angry
0.0893617021276593,0.112765957446808,0.0574468085106381,0.0489361702127662,0.0659574468085105,0.4,angry
0.111904761904762,0.133333333333333,0.0619047619047624,0.0619047619047618,0.192857142857143,0.402380952380953,angry
0.0654676258992807,0.0618705035971225,0.0690647482014386,0.079136690647482,0.11294964028777,0.330215827338129,angry
0.0661290322580644,0.0887096774193548,0.0580645161290322,0.0661290322580644,0.155645161290323,0.324193548387097,angry
0.077319587628866,0.0731958762886597,0.0556701030927836,0.0536082474226806,0.12680412371134,0.361855670103092,angry
0.0450000000000001,0.03375,0.0475000000000001,0.06,0.1875,0.33625,angry
0.112871287128713,0.1,0.0712871287128717,0.0722772277227718,0.238613861386139,0.343564356435644,angry
0.111111111111111,0.130864197530864,0.044444444444444,0.0481481481481479,0.225925925925926,0.414814814814814,angry
0.108695652173913,0.114492753623188,0.0608695652173913,0.0666666666666666,0.134782608695652,0.371014492753624,angry
0.151470588235294,0.15,0.0279411764705883,0.038235294117647,0.247058823529412,0.46764705882353,angry
0.122222222222222,0.134920634920635,0.0761904761904764,0.0841269841269843,0.168253968253968,0.406349206349205,angry
0.131578947368421,0.145614035087719,0.043859649122807,0.0491228070175441,0.182456140350877,0.542105263157895,angry
0.103973509933775,0.110927152317881,0.0599337748344372,0.0615894039735099,0.264569536423841,0.414238410596027,angry
0.058333333333333,0.0406249999999998,0.0552083333333334,0.0635416666666669,0.097916666666667,0.365625,angry
0.0894736842105265,0.0921052631578947,0.0552631578947367,0.0486842105263156,0.0789473684210526,0.364473684210526,angry
0.12972972972973,0.128378378378378,0.056756756756757,0.0540540540540541,0.122972972972973,0.304054054054054,angry
0.155714285714285,0.151428571428571,0.0599999999999998,0.0599999999999998,0.115714285714286,0.325714285714286,angry
0.123188405797101,0.117391304347826,0.0623188405797095,0.0594202898550711,0.123188405797101,0.323188405797102,angry
0.0970149253731343,0.117910447761194,0.0656716417910453,0.0686567164179099,0.137313432835821,0.349253731343283,angry
0.163636363636364,0.139393939393939,0.0621212121212125,0.0590909090909096,0.110606060606061,0.486363636363636,angry
0.135897435897435,0.156410256410257,0.0384615384615385,0.0435897435897448,0.112820512820512,0.402564102564102,angry
0.1,0.1,0.0552631578947374,0.0473684210526319,0.16842105263158,0.35,angry
0.123684210526314,0.123684210526317,0.0605263157894755,0.0657894736842105,0.121052631578945,0.334210526315789,angry
0.123684210526317,0.107894736842106,0.0394736842105263,0.0421052631578923,0.110526315789475,0.373684210526316,angry
0.116216216216215,0.132432432432432,0.0729729729729727,0.0783783783783793,0.145945945945947,0.278378378378379,angry
0.15,0.0957142857142858,0.0414285714285715,0.0514285714285713,0.162857142857143,0.39,angry
0.14390243902439,0.160975609756097,0.0317073170731707,0.0292682926829266,0.153658536585366,0.317073170731707,angry
0.140476190476191,0.115476190476191,0.0547619047619047,0.0547619047619047,0.179761904761905,0.336904761904762,angry
0.12283105022831,0.128310502283105,0.0844748858447488,0.0721461187214612,0.111872146118721,0.334246575342466,angry
0.133928571428571,0.114285714285714,0.0625,0.0571428571428574,0.144642857142857,0.330357142857143,angry
0.113207547169811,0.0905660377358493,0.0490566037735851,0.0509433962264151,0.160377358490566,0.273584905660377,angry
0.134146341463415,0.131707317073171,0.0512195121951218,0.063414634146342,0.121951219512195,0.304878048780488,angry
0.0608465608465608,0.0634920634920635,0.0724867724867724,0.0698412698412698,0.0973544973544972,0.41005291005291,angry
0.0984375,0.0906250000000001,0.0515625000000001,0.0499999999999999,0.0859375,0.35625,angry
0.1328,0.1272,0.0536,0.0616,0.1288,0.3128,angry
0.157627118644068,0.145762711864407,0.0627118644067797,0.0559322033898305,0.0864406779661016,0.322033898305085,angry
0.114782608695653,0.123478260869565,0.0695652173913043,0.0634782608695648,0.126956521739131,0.352173913043478,angry
0.135087719298245,0.135087719298245,0.0763157894736846,0.077192982456141,0.130701754385965,0.335087719298245,angry
0.169444444444445,0.149074074074074,0.0527777777777771,0.0574074074074068,0.166666666666667,0.487037037037037,angry
0.139726027397259,0.135616438356164,0.0506849315068484,0.049315068493151,0.138356164383562,0.372602739726027,angry
0.125352112676056,0.1,0.0591549295774654,0.0591549295774654,0.146478873239438,0.350704225352113,angry
0.149275362318842,0.136231884057971,0.0811594202898537,0.0826086956521746,0.118840579710144,0.314492753623188,angry
0.13768115942029,0.113043478260871,0.0550724637681169,0.0536231884057978,0.121739130434782,0.378260869565218,angry
0.140909090909092,0.11060606060606,0.036363636363636,0.0348484848484859,0.157575757575757,0.468181818181818,angry
0.0991150442477878,0.0969026548672565,0.0584070796460177,0.0672566371681415,0.12212389380531,0.429646017699115,angry
0.144859813084112,0.145607476635514,0.0672897196261682,0.0577570093457944,0.0865420560747665,0.402803738317757,angry
0.144444444444444,0.107936507936508,0.0571428571428575,0.0460317460317461,0.17936507936508,0.244444444444446,angry
0.155555555555555,0.155555555555556,0.0648148148148148,0.066666666666666,0.116666666666667,0.33888888888889,angry
0.139622641509435,0.162264150943397,0.0584905660377352,0.0698113207547168,0.233962264150943,0.358490566037736,angry
0.11357552581262,0.0969407265774378,0.0659655831739962,0.0608030592734226,0.0835564053537286,0.283430799220273,angry
0.176,0.144,0.0340000000000001,0.0319999999999999,0.238,0.33,angry
0.140650406504065,0.139024390243902,0.0398373983739836,0.040650406504065,0.142276422764228,0.36260162601626,angry
0.198837209302326,0.153488372093023,0.0546511627906975,0.0546511627906979,0.134883720930232,0.216279069767442,angry
0.15974025974026,0.167532467532468,0.044155844155844,0.0610389610389611,0.18961038961039,0.238961038961039,angry
0.131147540983607,0.113114754098361,0.0639344262295081,0.0655737704918033,0.126229508196721,0.265573770491804,angry
0.12962962962963,0.119444444444444,0.0824074074074075,0.0787037037037037,0.126851851851852,0.488888888888889,angry
0.0990825688073394,0.107339449541284,0.0339449541284404,0.0385321100917431,0.200917431192661,0.334862385321101,angry
0.126086956521739,0.110869565217391,0.0760869565217391,0.0739130434782608,0.147826086956522,0.302173913043478,angry
0.0254545454545453,0.0159090909090909,0.0627272727272728,0.0645454545454545,0.171818181818182,0.326818181818182,angry
0.123762376237624,0.130693069306931,0.0429042904290429,0.0432343234323433,0.197359735973597,0.47029702970297,angry
0.12686230248307,0.0686230248306997,0.0544018058690745,0.0496613995485327,0.102483069977427,0.341309255079007,angry
0.0822222222222223,0.0955555555555555,0.0577777777777777,0.0455555555555555,0.201111111111111,0.332222222222222,angry
0.096470588235294,0.067058823529412,0.0694117647058824,0.0611764705882355,0.0376470588235296,0.355555555555556,angry
0.126282051282051,0.137820512820513,0.0628205128205128,0.066025641025641,0.102564102564103,0.405769230769231,angry
0.151351351351351,0.137837837837838,0.0405405405405405,0.0432432432432431,0.162162162162162,0.340540540540541,angry
0.127350427350427,0.132478632478632,0.0675213675213673,0.0581196581196582,0.169230769230769,0.490598290598291,angry
0.105940594059406,0.104455445544555,0.0742574257425743,0.0712871287128713,0.172772277227723,0.369801980198019,angry
0.106015037593985,0.115037593984962,0.0526315789473684,0.056390977443609,0.116541353383459,0.393233082706767,angry
0.131232091690544,0.117191977077364,0.0702005730659026,0.0684813753581663,0.15730659025788,0.369340974212034,angry
0.0949152542372883,0.0644067796610169,0.0661016949152543,0.0593220338983051,0.138983050847458,0.376271186440678,angry
0.116363636363636,0.122727272727273,0.0836363636363637,0.0818181818181818,0.107272727272727,0.375454545454546,angry
0.130113636363636,0.0835227272727272,0.0551136363636363,0.0448863636363638,0.114204545454546,0.308522727272727,angry
0.120821917808219,0.120547945205479,0.0665753424657535,0.0673972602739725,0.170958904109589,0.357534246575342,angry
0.0847619047619047,0.0904761904761905,0.0666666666666667,0.0733333333333335,0.123809523809524,0.429523809523809,angry
0.121276595744681,0.129787234042553,0.0361702127659575,0.0297872340425533,0.161702127659575,0.417021276595745,angry
0.197826086956522,0.208695652173913,0.0521739130434784,0.0499999999999999,0.221739130434783,0.35,angry
0.0952380952380952,0.116666666666667,0.0666666666666666,0.073809523809524,0.0547619047619047,0.335714285714285,angry
0.0560606060606067,0.0757575757575758,0.0515151515151512,0.0545454545454549,0.218181818181818,0.345454545454546,angry
0.115384615384615,0.115384615384615,0.0646153846153853,0.0661538461538463,0.161538461538462,0.384615384615385,angry
0.100000000000001,0.0968749999999998,0.0656249999999998,0.0687499999999996,0.1140625,0.3890625,angry
0.129032258064516,0.135483870967742,0.0629032258064512,0.0677419354838708,0.129032258064516,0.341935483870967,angry
0.0983606557377049,0.0918032786885245,0.0672131147540983,0.0639344262295083,0.191803278688525,0.368852459016393,angry
0.1,0.113114754098361,0.0540983606557379,0.0475409836065575,0.129508196721312,0.383606557377049,angry
0.0721311475409832,0.0704918032786887,0.0524590163934424,0.0557377049180324,0.137704918032787,0.375409836065572,angry
0.0983606557377049,0.0803278688524589,0.042622950819672,0.0524590163934427,0.116393442622951,0.363934426229509,angry
0.0850000000000004,0.0849999999999994,0.0533333333333331,0.0416666666666667,0.109999999999999,0.351666666666667,angry
0.1,0.0898305084745765,0.0491525423728815,0.0525423728813558,0.113559322033898,0.433898305084746,angry
0.114545454545454,0.105454545454545,0.0563636363636363,0.0690909090909093,0.147272727272727,0.385454545454546,angry
